Year,Month,Trade_Type,Partner_Country,Partner_Region,Commodity_Category,Commodity_Subcategory,Value_USD_Million,Value_KES_Billion,Volume_Metric_Tons,Growth_Rate_YoY,Quarter,COVID_Period,Economic_Event
2020,Jan,Export,Uganda,East Africa,Agricultural Products,Tea,89.2,9.8,12500,2.3,Q1,Pre-COVID,Normal
2020,Jan,Export,Netherlands,Europe,Agricultural Products,Cut Flowers,85.6,9.4,8900,1.8,Q1,Pre-COVID,Normal
2020,Jan,Export,United Kingdom,Europe,Agricultural Products,Coffee,45.3,5,7200,0.9,Q1,Pre-COVID,Normal
2020,Jan,Import,China,Asia,Manufactured Goods,Machinery,245.8,27,15600,-1.2,Q1,Pre-COVID,Normal
2020,Jan,Import,India,Asia,Petroleum Products,Refined Petroleum,189.4,20.8,28900,-0.5,Q1,Pre-COVID,Normal
2020,Jan,Import,UAE,Middle East,Petroleum Products,Crude Oil,156.7,17.2,45600,1.1,Q1,Pre-COVID,Normal
2020,Feb,Export,Uganda,East Africa,Agricultural Products,Tea,91.5,10.1,12800,2.1,Q1,Pre-COVID,Normal
2020,Feb,Export,Netherlands,Europe,Agricultural Products,Cut Flowers,87.2,9.6,9100,1.5,Q1,Pre-COVID,Normal
2020,Feb,Export,Tanzania,East Africa,Manufactured Goods,Cement,38.9,4.3,18500,3.2,Q1,Pre-COVID,Normal
2020,Feb,Import,China,Asia,Manufactured Goods,Machinery,251.3,27.6,16200,-0.8,Q1,Pre-COVID,Normal
2020,Feb,Import,India,Asia,Petroleum Products,Refined Petroleum,192.1,21.1,29500,-0.2,Q1,Pre-COVID,Normal
2020,Feb,Import,UAE,Middle East,Petroleum Products,Crude Oil,159.8,17.6,46200,1.4,Q1,Pre-COVID,Normal
2020,Mar,Export,Uganda,East Africa,Agricultural Products,Tea,88.7,9.7,12300,1.8,Q1,COVID-Early,Lockdown_Measures
2020,Mar,Export,Netherlands,Europe,Agricultural Products,Cut Flowers,82.4,9.1,8600,0.9,Q1,COVID-Early,Lockdown_Measures
2020,Mar,Export,United Kingdom,Europe,Agricultural Products,Coffee,41.2,4.5,6800,-1.2,Q1,COVID-Early,Lockdown_Measures
2020,Mar,Import,China,Asia,Manufactured Goods,Machinery,234.6,25.8,14800,-3.5,Q1,COVID-Early,Lockdown_Measures
2020,Mar,Import,India,Asia,Petroleum Products,Refined Petroleum,178.9,19.7,27200,-2.8,Q1,COVID-Early,Lockdown_Measures
2020,Mar,Import,UAE,Middle East,Petroleum Products,Crude Oil,145.3,16,42800,-4.1,Q1,COVID-Early,Lockdown_Measures
2020,Apr,Export,Uganda,East Africa,Agricultural Products,Tea,76.8,8.4,10900,-8.2,Q2,COVID-Peak,Global_Lockdown
2020,Apr,Export,Netherlands,Europe,Agricultural Products,Cut Flowers,68.9,7.6,7200,-12.5,Q2,COVID-Peak,Global_Lockdown
2020,Apr,Export,United Kingdom,Europe,Agricultural Products,Coffee,35.1,3.9,5800,-15.3,Q2,COVID-Peak,Global_Lockdown
2020,Apr,Import,China,Asia,Manufactured Goods,Machinery,198.7,21.8,12400,-18.7,Q2,COVID-Peak,Global_Lockdown
2020,Apr,Import,India,Asia,Petroleum Products,Refined Petroleum,142.3,15.6,21800,-22.4,Q2,COVID-Peak,Global_Lockdown
2020,Apr,Import,UAE,Middle East,Petroleum Products,Crude Oil,118.6,13,35200,-25.6,Q2,COVID-Peak,Global_Lockdown
2020,May,Export,Uganda,East Africa,Agricultural Products,Tea,72.1,7.9,10200,-12.1,Q2,COVID-Peak,Supply_Chain_Disruption
2020,May,Export,Netherlands,Europe,Agricultural Products,Cut Flowers,59.4,6.5,6400,-18.9,Q2,COVID-Peak,Supply_Chain_Disruption
2020,May,Export,Tanzania,East Africa,Manufactured Goods,Cement,28.7,3.2,13600,-21.3,Q2,COVID-Peak,Supply_Chain_Disruption
2020,May,Import,China,Asia,Manufactured Goods,Machinery,178.2,19.6,11100,-26.3,Q2,COVID-Peak,Supply_Chain_Disruption
2020,May,Import,India,Asia,Petroleum Products,Refined Petroleum,128.9,14.2,19600,-28.7,Q2,COVID-Peak,Supply_Chain_Disruption
2020,May,Import,UAE,Middle East,Petroleum Products,Crude Oil,105.4,11.6,31800,-32.1,Q2,COVID-Peak,Supply_Chain_Disruption
2020,June,Export,Uganda,East Africa,Agricultural Products,Tea,78.9,8.7,11600,-6.8,Q2,COVID-Recovery,Gradual_Reopening
2020,June,Export,Netherlands,Europe,Agricultural Products,Cut Flowers,71.2,7.8,7600,-9.2,Q2,COVID-Recovery,Gradual_Reopening
2020,June,Export,United Kingdom,Europe,Agricultural Products,Coffee,39.6,4.4,6400,-5.1,Q2,COVID-Recovery,Gradual_Reopening
2020,June,Import,China,Asia,Manufactured Goods,Machinery,205.8,22.6,13600,-15.8,Q2,COVID-Recovery,Gradual_Reopening
2020,June,Import,India,Asia,Petroleum Products,Refined Petroleum,156.7,17.2,24200,-18.4,Q2,COVID-Recovery,Gradual_Reopening
2020,June,Import,UAE,Middle East,Petroleum Products,Crude Oil,129.3,14.2,38900,-21.7,Q2,COVID-Recovery,Gradual_Reopening
2020,July,Export,Uganda,East Africa,Agricultural Products,Tea,85.4,9.4,12100,1.2,Q3,COVID-Recovery,Economic_Stimulus
2020,July,Export,Netherlands,Europe,Agricultural Products,Cut Flowers,79.8,8.8,8200,2.8,Q3,COVID-Recovery,Economic_Stimulus
2020,July,Export,Tanzania,East Africa,Manufactured Goods,Cement,34.2,3.8,16200,5.1,Q3,COVID-Recovery,Economic_Stimulus
2020,July,Import,China,Asia,Manufactured Goods,Machinery,223.4,24.6,14800,-8.2,Q3,COVID-Recovery,Economic_Stimulus
2020,July,Import,India,Asia,Petroleum Products,Refined Petroleum,171.2,18.8,26800,-11.5,Q3,COVID-Recovery,Economic_Stimulus
2020,July,Import,UAE,Middle East,Petroleum Products,Crude Oil,142.1,15.6,42100,-14.3,Q3,COVID-Recovery,Economic_Stimulus
2020,Aug,Export,Uganda,East Africa,Agricultural Products,Tea,89.1,9.8,12400,3.8,Q3,COVID-Recovery,Recovery_Phase
2020,Aug,Export,Netherlands,Europe,Agricultural Products,Cut Flowers,83.6,9.2,8600,4.2,Q3,COVID-Recovery,Recovery_Phase
2020,Aug,Export,United Kingdom,Europe,Agricultural Products,Coffee,42.8,4.7,6800,1.9,Q3,COVID-Recovery,Recovery_Phase
2020,Aug,Import,China,Asia,Manufactured Goods,Machinery,238.9,26.3,15600,-3.1,Q3,COVID-Recovery,Recovery_Phase
2020,Aug,Import,India,Asia,Petroleum Products,Refined Petroleum,184.5,20.3,28200,-6.8,Q3,COVID-Recovery,Recovery_Phase
2020,Aug,Import,UAE,Middle East,Petroleum Products,Crude Oil,153.7,16.9,43800,-9.2,Q3,COVID-Recovery,Recovery_Phase
2020,Sept,Export,Uganda,East Africa,Agricultural Products,Tea,91.7,10.1,12700,5.1,Q3,COVID-Recovery,New_Normal
2020,Sept,Export,Netherlands,Europe,Agricultural Products,Cut Flowers,86.4,9.5,8900,5.8,Q3,COVID-Recovery,New_Normal
2020,Sept,Export,Tanzania,East Africa,Manufactured Goods,Cement,37.8,4.2,17800,6.9,Q3,COVID-Recovery,New_Normal
2020,Sept,Import,China,Asia,Manufactured Goods,Machinery,249.2,27.4,16200,-1.2,Q3,COVID-Recovery,New_Normal
2020,Sept,Import,India,Asia,Petroleum Products,Refined Petroleum,192.8,21.2,29100,-3.5,Q3,COVID-Recovery,New_Normal
2020,Sept,Import,UAE,Middle East,Petroleum Products,Crude Oil,161.4,17.8,45200,-5.8,Q3,COVID-Recovery,New_Normal
2020,Oct,Export,Uganda,East Africa,Agricultural Products,Tea,94.2,10.4,13000,6.8,Q4,Post-COVID,Economic_Recovery
2020,Oct,Export,Netherlands,Europe,Agricultural Products,Cut Flowers,89.1,9.8,9200,7.2,Q4,Post-COVID,Economic_Recovery
2020,Oct,Export,United Kingdom,Europe,Agricultural Products,Coffee,45.9,5.1,7100,3.4,Q4,Post-COVID,Economic_Recovery
2020,Oct,Import,China,Asia,Manufactured Goods,Machinery,256.7,28.2,16800,1.5,Q4,Post-COVID,Economic_Recovery
2020,Oct,Import,India,Asia,Petroleum Products,Refined Petroleum,198.4,21.8,29800,-0.8,Q4,Post-COVID,Economic_Recovery
2020,Oct,Import,UAE,Middle East,Petroleum Products,Crude Oil,167.3,18.4,46100,-2.1,Q4,Post-COVID,Economic_Recovery
2020,Nov,Export,Uganda,East Africa,Agricultural Products,Tea,96.8,10.6,13300,7.9,Q4,Post-COVID,Recovery_Growth
2020,Nov,Export,Netherlands,Europe,Agricultural Products,Cut Flowers,91.7,10.1,9500,8.5,Q4,Post-COVID,Recovery_Growth
2020,Nov,Export,Tanzania,East Africa,Manufactured Goods,Cement,40.6,4.5,18900,9.1,Q4,Post-COVID,Recovery_Growth
2020,Nov,Import,China,Asia,Manufactured Goods,Machinery,263.4,29,17400,2.8,Q4,Post-COVID,Recovery_Growth
2020,Nov,Import,India,Asia,Petroleum Products,Refined Petroleum,204.2,22.5,30500,1.2,Q4,Post-COVID,Recovery_Growth
2020,Nov,Import,UAE,Middle East,Petroleum Products,Crude Oil,172.8,19,47200,0.3,Q4,Post-COVID,Recovery_Growth
2020,Dec,Export,Uganda,East Africa,Agricultural Products,Tea,99.1,10.9,13600,8.7,Q4,Post-COVID,Year_End_Recovery
2020,Dec,Export,Netherlands,Europe,Agricultural Products,Cut Flowers,94.3,10.4,9800,9.2,Q4,Post-COVID,Year_End_Recovery
2020,Dec,Export,United Kingdom,Europe,Agricultural Products,Coffee,48.7,5.4,7400,4.8,Q4,Post-COVID,Year_End_Recovery
2020,Dec,Import,China,Asia,Manufactured Goods,Machinery,269.1,29.6,17800,4.1,Q4,Post-COVID,Year_End_Recovery
2020,Dec,Import,India,Asia,Petroleum Products,Refined Petroleum,209.8,23.1,31200,2.8,Q4,Post-COVID,Year_End_Recovery
2020,Dec,Import,UAE,Middle East,Petroleum Products,Crude Oil,178.2,19.6,48100,1.9,Q4,Post-COVID,Year_End_Recovery
2021,Jan,Export,Uganda,East Africa,Agricultural Products,Tea,105.2,11.6,14200,12.8,Q1,Recovery,Post_COVID_Growth
2021,Jan,Export,Netherlands,Europe,Agricultural Products,Cut Flowers,98.7,10.9,10200,11.6,Q1,Recovery,Post_COVID_Growth
2021,Jan,Export,United Kingdom,Europe,Agricultural Products,Coffee,52.1,5.7,7800,8.9,Q1,Recovery,Post_COVID_Growth
2021,Jan,Import,China,Asia,Manufactured Goods,Machinery,285.3,31.4,18900,9.5,Q1,Recovery,Post_COVID_Growth
2021,Jan,Import,India,Asia,Petroleum Products,Refined Petroleum,224.6,24.7,33400,8.7,Q1,Recovery,Post_COVID_Growth
2021,Jan,Import,UAE,Middle East,Petroleum Products,Crude Oil,189.4,20.8,51200,7.3,Q1,Recovery,Post_COVID_Growth
2021,Feb,Export,Uganda,East Africa,Agricultural Products,Tea,108.9,12,14600,13.4,Q1,Recovery,Continued_Growth
2021,Feb,Export,Netherlands,Europe,Agricultural Products,Cut Flowers,102.1,11.2,10500,12.8,Q1,Recovery,Continued_Growth
2021,Feb,Export,Tanzania,East Africa,Manufactured Goods,Cement,46.7,5.1,21400,15.2,Q1,Recovery,Continued_Growth
2021,Feb,Import,China,Asia,Manufactured Goods,Machinery,294.8,32.4,19600,10.8,Q1,Recovery,Continued_Growth
2021,Feb,Import,India,Asia,Petroleum Products,Refined Petroleum,233.1,25.6,34800,9.6,Q1,Recovery,Continued_Growth
2021,Feb,Import,UAE,Middle East,Petroleum Products,Crude Oil,196.7,21.6,52900,8.1,Q1,Recovery,Continued_Growth
2021,Mar,Export,Uganda,East Africa,Agricultural Products,Tea,112.3,12.4,15000,14.2,Q1,Recovery,Strong_Recovery
2021,Mar,Export,Netherlands,Europe,Agricultural Products,Cut Flowers,105.8,11.6,10900,13.7,Q1,Recovery,Strong_Recovery
2021,Mar,Export,United Kingdom,Europe,Agricultural Products,Coffee,55.4,6.1,8200,11.3,Q1,Recovery,Strong_Recovery
2021,Mar,Import,China,Asia,Manufactured Goods,Machinery,304.2,33.5,20300,12.1,Q1,Recovery,Strong_Recovery
2021,Mar,Import,India,Asia,Petroleum Products,Refined Petroleum,241.7,26.6,36200,10.8,Q1,Recovery,Strong_Recovery
2021,Mar,Import,UAE,Middle East,Petroleum Products,Crude Oil,204.1,22.5,54600,8.9,Q1,Recovery,Strong_Recovery
2021,Apr,Export,Uganda,East Africa,Agricultural Products,Tea,115.8,12.7,15400,15.1,Q2,Recovery,Economic_Boom
2021,Apr,Export,Netherlands,Europe,Agricultural Products,Cut Flowers,109.6,12.1,11300,14.9,Q2,Recovery,Economic_Boom
2021,Apr,Export,Tanzania,East Africa,Manufactured Goods,Cement,49.8,5.5,22800,16.7,Q2,Recovery,Economic_Boom
2021,Apr,Import,China,Asia,Manufactured Goods,Machinery,313.7,34.5,21000,13.4,Q2,Recovery,Economic_Boom
2021,Apr,Import,India,Asia,Petroleum Products,Refined Petroleum,250.3,27.5,37600,11.9,Q2,Recovery,Economic_Boom
2021,Apr,Import,UAE,Middle East,Petroleum Products,Crude Oil,211.6,23.3,56300,9.7,Q2,Recovery,Economic_Boom
2021,May,Export,Uganda,East Africa,Agricultural Products,Tea,119.4,13.1,15800,16.3,Q2,Recovery,Sustained_Growth
2021,May,Export,Netherlands,Europe,Agricultural Products,Cut Flowers,113.5,12.5,11700,15.8,Q2,Recovery,Sustained_Growth
2021,May,Export,United Kingdom,Europe,Agricultural Products,Coffee,58.7,6.5,8600,12.9,Q2,Recovery,Sustained_Growth
2021,May,Import,China,Asia,Manufactured Goods,Machinery,323.1,35.5,21700,14.6,Q2,Recovery,Sustained_Growth
2021,May,Import,India,Asia,Petroleum Products,Refined Petroleum,259,28.5,39000,13.1,Q2,Recovery,Sustained_Growth
2021,May,Import,UAE,Middle East,Petroleum Products,Crude Oil,219.2,24.1,58000,10.5,Q2,Recovery,Sustained_Growth
2021,June,Export,Uganda,East Africa,Agricultural Products,Tea,123.1,13.5,16200,17.4,Q2,Recovery,Mid_Year_Peak
2021,June,Export,Netherlands,Europe,Agricultural Products,Cut Flowers,117.4,12.9,12100,16.9,Q2,Recovery,Mid_Year_Peak
2021,June,Export,Tanzania,East Africa,Manufactured Goods,Cement,52.9,5.8,24200,18.1,Q2,Recovery,Mid_Year_Peak
2021,June,Import,China,Asia,Manufactured Goods,Machinery,332.6,36.6,22400,15.8,Q2,Recovery,Mid_Year_Peak
2021,June,Import,India,Asia,Petroleum Products,Refined Petroleum,267.8,29.5,40400,14.3,Q2,Recovery,Mid_Year_Peak
2021,June,Import,UAE,Middle East,Petroleum Products,Crude Oil,226.8,25,59700,11.3,Q2,Recovery,Mid_Year_Peak
2021,July,Export,Uganda,East Africa,Agricultural Products,Tea,126.8,14,16600,18.2,Q3,Recovery,Summer_Growth
2021,July,Export,Netherlands,Europe,Agricultural Products,Cut Flowers,121.3,13.4,12500,17.6,Q3,Recovery,Summer_Growth
2021,July,Export,United Kingdom,Europe,Agricultural Products,Coffee,61.9,6.8,8900,13.8,Q3,Recovery,Summer_Growth
2021,July,Import,China,Asia,Manufactured Goods,Machinery,342.1,37.6,23100,16.9,Q3,Recovery,Summer_Growth
2021,July,Import,India,Asia,Petroleum Products,Refined Petroleum,276.5,30.4,41800,15.4,Q3,Recovery,Summer_Growth
2021,July,Import,UAE,Middle East,Petroleum Products,Crude Oil,234.3,25.8,61400,12.1,Q3,Recovery,Summer_Growth
2021,Aug,Export,Uganda,East Africa,Agricultural Products,Tea,130.6,14.4,17000,19.1,Q3,Recovery,Peak_Season
2021,Aug,Export,Netherlands,Europe,Agricultural Products,Cut Flowers,125.2,13.8,12900,18.4,Q3,Recovery,Peak_Season
2021,Aug,Export,Tanzania,East Africa,Manufactured Goods,Cement,56.1,6.2,25600,19.6,Q3,Recovery,Peak_Season
2021,Aug,Import,China,Asia,Manufactured Goods,Machinery,351.7,38.7,23800,18.1,Q3,Recovery,Peak_Season
2021,Aug,Import,India,Asia,Petroleum Products,Refined Petroleum,285.3,31.4,43200,16.6,Q3,Recovery,Peak_Season
2021,Aug,Import,UAE,Middle East,Petroleum Products,Crude Oil,241.9,26.6,63100,12.9,Q3,Recovery,Peak_Season
2021,Sept,Export,Uganda,East Africa,Agricultural Products,Tea,134.4,14.8,17400,20.3,Q3,Recovery,Growth_Peak
2021,Sept,Export,Netherlands,Europe,Agricultural Products,Cut Flowers,129.1,14.2,13300,19.2,Q3,Recovery,Growth_Peak
2021,Sept,Export,United Kingdom,Europe,Agricultural Products,Coffee,65.2,7.2,9300,14.7,Q3,Recovery,Growth_Peak
2021,Sept,Import,China,Asia,Manufactured Goods,Machinery,361.2,39.7,24500,19.2,Q3,Recovery,Growth_Peak
2021,Sept,Import,India,Asia,Petroleum Products,Refined Petroleum,294,32.3,44600,17.7,Q3,Recovery,Growth_Peak
2021,Sept,Import,UAE,Middle East,Petroleum Products,Crude Oil,249.4,27.4,64800,13.7,Q3,Recovery,Growth_Peak
2021,Oct,Export,Uganda,East Africa,Agricultural Products,Tea,138.3,15.2,17800,21.4,Q4,Recovery,Year_End_Surge
2021,Oct,Export,Netherlands,Europe,Agricultural Products,Cut Flowers,133,14.6,13700,20.1,Q4,Recovery,Year_End_Surge
2021,Oct,Export,Tanzania,East Africa,Manufactured Goods,Cement,59.3,6.5,27000,21.8,Q4,Recovery,Year_End_Surge
2021,Oct,Import,China,Asia,Manufactured Goods,Machinery,370.8,40.8,25200,20.4,Q4,Recovery,Year_End_Surge
2021,Oct,Import,India,Asia,Petroleum Products,Refined Petroleum,302.8,33.3,46000,18.9,Q4,Recovery,Year_End_Surge
2021,Oct,Import,UAE,Middle East,Petroleum Products,Crude Oil,257,28.3,66500,14.5,Q4,Recovery,Year_End_Surge
2021,Nov,Export,Uganda,East Africa,Agricultural Products,Tea,142.1,15.6,18200,22.6,Q4,Recovery,Holiday_Season
2021,Nov,Export,Netherlands,Europe,Agricultural Products,Cut Flowers,137,15.1,14100,21,Q4,Recovery,Holiday_Season
2021,Nov,Export,United Kingdom,Europe,Agricultural Products,Coffee,68.5,7.5,9700,15.6,Q4,Recovery,Holiday_Season
2021,Nov,Import,China,Asia,Manufactured Goods,Machinery,380.3,41.8,25900,21.5,Q4,Recovery,Holiday_Season
2021,Nov,Import,India,Asia,Petroleum Products,Refined Petroleum,311.5,34.3,47400,20,Q4,Recovery,Holiday_Season
2021,Nov,Import,UAE,Middle East,Petroleum Products,Crude Oil,264.5,29.1,68200,15.3,Q4,Recovery,Holiday_Season
2021,Dec,Export,Uganda,East Africa,Agricultural Products,Tea,146,16.1,18600,23.7,Q4,Recovery,Year_End_Boom
2021,Dec,Export,Netherlands,Europe,Agricultural Products,Cut Flowers,141,15.5,14500,22.1,Q4,Recovery,Year_End_Boom
2021,Dec,Export,Tanzania,East Africa,Manufactured Goods,Cement,62.5,6.9,28400,23.4,Q4,Recovery,Year_End_Boom
2021,Dec,Import,China,Asia,Manufactured Goods,Machinery,389.9,42.9,26600,22.7,Q4,Recovery,Year_End_Boom
2021,Dec,Import,India,Asia,Petroleum Products,Refined Petroleum,320.3,35.2,48800,21.2,Q4,Recovery,Year_End_Boom
2021,Dec,Import,UAE,Middle East,Petroleum Products,Crude Oil,272.1,29.9,69900,16.1,Q4,Recovery,Year_End_Boom
2022,Jan,Export,Uganda,East Africa,Agricultural Products,Tea,149.8,16.5,19000,24.2,Q1,Normal,Post_Recovery_Growth
2022,Jan,Export,Netherlands,Europe,Agricultural Products,Cut Flowers,144.9,15.9,14900,22.8,Q1,Normal,Post_Recovery_Growth
2022,Jan,Export,United Kingdom,Europe,Agricultural Products,Coffee,71.8,7.9,10100,16.4,Q1,Normal,Post_Recovery_Growth
2022,Jan,Import,China,Asia,Manufactured Goods,Machinery,399.4,43.9,27300,23.8,Q1,Normal,Post_Recovery_Growth
2022,Jan,Import,India,Asia,Petroleum Products,Refined Petroleum,329,36.2,50200,22.3,Q1,Normal,Post_Recovery_Growth
2022,Jan,Import,UAE,Middle East,Petroleum Products,Crude Oil,279.6,30.8,71600,16.9,Q1,Normal,Post_Recovery_Growth
2022,Feb,Export,Uganda,East Africa,Agricultural Products,Tea,153.7,16.9,19400,24.8,Q1,Normal,Sustained_Growth
2022,Feb,Export,Netherlands,Europe,Agricultural Products,Cut Flowers,148.9,16.4,15300,23.4,Q1,Normal,Sustained_Growth
2022,Feb,Export,Tanzania,East Africa,Manufactured Goods,Cement,65.7,7.2,29800,24.6,Q1,Normal,Sustained_Growth
2022,Feb,Import,China,Asia,Manufactured Goods,Machinery,409,45,28000,24.9,Q1,Normal,Sustained_Growth
2022,Feb,Import,India,Asia,Petroleum Products,Refined Petroleum,337.8,37.2,51600,23.4,Q1,Normal,Sustained_Growth
2022,Feb,Import,UAE,Middle East,Petroleum Products,Crude Oil,287.2,31.6,73300,17.7,Q1,Normal,Sustained_Growth
2022,Mar,Export,Uganda,East Africa,Agricultural Products,Tea,157.5,17.3,19800,25.4,Q1,Normal,Ukraine_War_Impact
2022,Mar,Export,Netherlands,Europe,Agricultural Products,Cut Flowers,152.8,16.8,15700,23.9,Q1,Normal,Ukraine_War_Impact
2022,Mar,Export,United Kingdom,Europe,Agricultural Products,Coffee,75.1,8.3,10500,17.1,Q1,Normal,Ukraine_War_Impact
2022,Mar,Import,China,Asia,Manufactured Goods,Machinery,418.5,46,28700,25.9,Q1,Normal,Ukraine_War_Impact
2022,Mar,Import,India,Asia,Petroleum Products,Refined Petroleum,346.5,38.1,53000,24.4,Q1,Normal,Ukraine_War_Impact
2022,Mar,Import,UAE,Middle East,Petroleum Products,Crude Oil,294.7,32.4,75000,18.4,Q1,Normal,Ukraine_War_Impact
2022,Apr,Export,Uganda,East Africa,Agricultural Products,Tea,161.4,17.8,20200,26.1,Q2,Normal,Energy_Crisis
2022,Apr,Export,Netherlands,Europe,Agricultural Products,Cut Flowers,156.8,17.3,16100,24.5,Q2,Normal,Energy_Crisis
2022,Apr,Export,Tanzania,East Africa,Manufactured Goods,Cement,68.9,7.6,31200,25.8,Q2,Normal,Energy_Crisis
2022,Apr,Import,China,Asia,Manufactured Goods,Machinery,428.1,47.1,29400,27,Q2,Normal,Energy_Crisis
2022,Apr,Import,India,Asia,Petroleum Products,Refined Petroleum,355.3,39.1,54400,25.5,Q2,Normal,Energy_Crisis
2022,Apr,Import,UAE,Middle East,Petroleum Products,Crude Oil,302.3,33.3,76700,19.2,Q2,Normal,Energy_Crisis
2022,May,Export,Uganda,East Africa,Agricultural Products,Tea,165.2,18.2,20600,26.7,Q2,Normal,Supply_Chain_Issues
2022,May,Export,Netherlands,Europe,Agricultural Products,Cut Flowers,160.7,17.7,16500,25.1,Q2,Normal,Supply_Chain_Issues
2022,May,Export,United Kingdom,Europe,Agricultural Products,Coffee,78.4,8.6,10900,17.8,Q2,Normal,Supply_Chain_Issues
2022,May,Import,China,Asia,Manufactured Goods,Machinery,437.6,48.1,30100,28,Q2,Normal,Supply_Chain_Issues
2022,May,Import,India,Asia,Petroleum Products,Refined Petroleum,364,40,55800,26.5,Q2,Normal,Supply_Chain_Issues
2022,May,Import,UAE,Middle East,Petroleum Products,Crude Oil,309.8,34.1,78400,20,Q2,Normal,Supply_Chain_Issues
2022,June,Export,Uganda,East Africa,Agricultural Products,Tea,169.1,18.6,21000,27.4,Q2,Normal,Inflation_Pressure
2022,June,Export,Netherlands,Europe,Agricultural Products,Cut Flowers,164.7,18.1,16900,25.7,Q2,Normal,Inflation_Pressure
2022,June,Export,Tanzania,East Africa,Manufactured Goods,Cement,72.1,7.9,32600,27.1,Q2,Normal,Inflation_Pressure
2022,June,Import,China,Asia,Manufactured Goods,Machinery,447.2,49.2,30800,29.1,Q2,Normal,Inflation_Pressure
2022,June,Import,India,Asia,Petroleum Products,Refined Petroleum,372.8,41,57200,27.6,Q2,Normal,Inflation_Pressure
2022,June,Import,UAE,Middle East,Petroleum Products,Crude Oil,317.4,34.9,80100,20.8,Q2,Normal,Inflation_Pressure
2022,July,Export,Uganda,East Africa,Agricultural Products,Tea,172.9,19,21400,27.9,Q3,Normal,Mid_Year_Adjustment
2022,July,Export,Netherlands,Europe,Agricultural Products,Cut Flowers,168.6,18.5,17300,26.2,Q3,Normal,Mid_Year_Adjustment
2022,July,Export,United Kingdom,Europe,Agricultural Products,Coffee,81.8,9,11300,18.4,Q3,Normal,Mid_Year_Adjustment
2022,July,Import,China,Asia,Manufactured Goods,Machinery,456.7,50.2,31500,30.1,Q3,Normal,Mid_Year_Adjustment
2022,July,Import,India,Asia,Petroleum Products,Refined Petroleum,381.5,42,58600,28.6,Q3,Normal,Mid_Year_Adjustment
2022,July,Import,UAE,Middle East,Petroleum Products,Crude Oil,324.9,35.7,81800,21.6,Q3,Normal,Mid_Year_Adjustment
2022,Aug,Export,Uganda,East Africa,Agricultural Products,Tea,176.8,19.4,21800,28.5,Q3,Normal,Commodity_Boom
2022,Aug,Export,Netherlands,Europe,Agricultural Products,Cut Flowers,172.6,19,17700,26.8,Q3,Normal,Commodity_Boom
2022,Aug,Export,Tanzania,East Africa,Manufactured Goods,Cement,75.3,8.3,34000,28.4,Q3,Normal,Commodity_Boom
2022,Aug,Import,China,Asia,Manufactured Goods,Machinery,466.3,51.3,32200,31.2,Q3,Normal,Commodity_Boom
2022,Aug,Import,India,Asia,Petroleum Products,Refined Petroleum,390.3,42.9,60000,29.7,Q3,Normal,Commodity_Boom
2022,Aug,Import,UAE,Middle East,Petroleum Products,Crude Oil,332.5,36.6,83500,22.4,Q3,Normal,Commodity_Boom
2022,Sept,Export,Uganda,East Africa,Agricultural Products,Tea,180.6,19.9,22200,29.1,Q3,Normal,Peak_Trading
2022,Sept,Export,Netherlands,Europe,Agricultural Products,Cut Flowers,176.5,19.4,18100,27.3,Q3,Normal,Peak_Trading
2022,Sept,Export,United Kingdom,Europe,Agricultural Products,Coffee,85.1,9.4,11700,19.1,Q3,Normal,Peak_Trading
2022,Sept,Import,China,Asia,Manufactured Goods,Machinery,475.8,52.3,32900,32.3,Q3,Normal,Peak_Trading
2022,Sept,Import,India,Asia,Petroleum Products,Refined Petroleum,399,43.9,61400,30.7,Q3,Normal,Peak_Trading
2022,Sept,Import,UAE,Middle East,Petroleum Products,Crude Oil,340,37.4,85200,23.2,Q3,Normal,Peak_Trading
2022,Oct,Export,Uganda,East Africa,Agricultural Products,Tea,184.5,20.3,22600,29.7,Q4,Normal,Q4_Growth
2022,Oct,Export,Netherlands,Europe,Agricultural Products,Cut Flowers,180.5,19.9,18500,28,Q4,Normal,Q4_Growth
2022,Oct,Export,Tanzania,East Africa,Manufactured Goods,Cement,78.5,8.6,35400,29.6,Q4,Normal,Q4_Growth
2022,Oct,Import,China,Asia,Manufactured Goods,Machinery,485.4,53.4,33600,33.3,Q4,Normal,Q4_Growth
2022,Oct,Import,India,Asia,Petroleum Products,Refined Petroleum,407.8,44.9,62800,31.8,Q4,Normal,Q4_Growth
2022,Oct,Import,UAE,Middle East,Petroleum Products,Crude Oil,347.6,38.2,86900,24,Q4,Normal,Q4_Growth
2022,Nov,Export,Uganda,East Africa,Agricultural Products,Tea,188.4,20.7,23000,30.3,Q4,Normal,Year_End_Push
2022,Nov,Export,Netherlands,Europe,Agricultural Products,Cut Flowers,184.4,20.3,18900,28.5,Q4,Normal,Year_End_Push
2022,Nov,Export,United Kingdom,Europe,Agricultural Products,Coffee,88.4,9.7,12100,19.7,Q4,Normal,Year_End_Push
2022,Nov,Import,China,Asia,Manufactured Goods,Machinery,494.9,54.4,34300,34.4,Q4,Normal,Year_End_Push
2022,Nov,Import,India,Asia,Petroleum Products,Refined Petroleum,416.5,45.8,64200,32.8,Q4,Normal,Year_End_Push
2022,Nov,Import,UAE,Middle East,Petroleum Products,Crude Oil,355.1,39.1,88600,24.8,Q4,Normal,Year_End_Push
2022,Dec,Export,Uganda,East Africa,Agricultural Products,Tea,192.2,21.1,23400,30.9,Q4,Normal,Holiday_Boost
2022,Dec,Export,Netherlands,Europe,Agricultural Products,Cut Flowers,188.4,20.7,19300,29.1,Q4,Normal,Holiday_Boost
2022,Dec,Export,Tanzania,East Africa,Manufactured Goods,Cement,81.7,9,36800,30.8,Q4,Normal,Holiday_Boost
2022,Dec,Import,China,Asia,Manufactured Goods,Machinery,504.5,55.5,35000,35.5,Q4,Normal,Holiday_Boost
2022,Dec,Import,India,Asia,Petroleum Products,Refined Petroleum,425.3,46.8,65600,33.9,Q4,Normal,Holiday_Boost
2022,Dec,Import,UAE,Middle East,Petroleum Products,Crude Oil,362.7,39.9,90300,25.6,Q4,Normal,Holiday_Boost
2023,Jan,Export,Uganda,East Africa,Agricultural Products,Tea,194.8,21.4,23700,17.2,Q1,Normal,New_Year_Momentum
2023,Jan,Export,Netherlands,Europe,Agricultural Products,Cut Flowers,190.3,20.9,19600,16.8,Q1,Normal,New_Year_Momentum
2023,Jan,Export,United Kingdom,Europe,Agricultural Products,Coffee,90.1,9.9,12300,12.1,Q1,Normal,New_Year_Momentum
2023,Jan,Import,China,Asia,Manufactured Goods,Machinery,508.6,55.9,35400,14.2,Q1,Normal,New_Year_Momentum
2023,Jan,Import,India,Asia,Petroleum Products,Refined Petroleum,428.4,47.1,66200,13.8,Q1,Normal,New_Year_Momentum
2023,Jan,Import,UAE,Middle East,Petroleum Products,Crude Oil,365.3,40.2,91100,12.9,Q1,Normal,New_Year_Momentum
2023,Feb,Export,Uganda,East Africa,Agricultural Products,Tea,197.1,21.7,24000,15.8,Q1,Normal,Stable_Growth
2023,Feb,Export,Netherlands,Europe,Agricultural Products,Cut Flowers,192.4,21.2,19900,14.9,Q1,Normal,Stable_Growth
2023,Feb,Export,Tanzania,East Africa,Manufactured Goods,Cement,83.2,9.2,37400,14.6,Q1,Normal,Stable_Growth
2023,Feb,Import,China,Asia,Manufactured Goods,Machinery,512.8,56.4,35800,12.4,Q1,Normal,Stable_Growth
2023,Feb,Import,India,Asia,Petroleum Products,Refined Petroleum,431.6,47.5,66800,11.8,Q1,Normal,Stable_Growth
2023,Feb,Import,UAE,Middle East,Petroleum Products,Crude Oil,368,40.5,91900,11.2,Q1,Normal,Stable_Growth
2023,Mar,Export,Uganda,East Africa,Agricultural Products,Tea,199.4,21.9,24300,13.4,Q1,Normal,Q1_Closing
2023,Mar,Export,Netherlands,Europe,Agricultural Products,Cut Flowers,194.6,21.4,20200,13.1,Q1,Normal,Q1_Closing
2023,Mar,Export,United Kingdom,Europe,Agricultural Products,Coffee,92.3,10.2,12600,11.8,Q1,Normal,Q1_Closing
2023,Mar,Import,China,Asia,Manufactured Goods,Machinery,516.9,56.9,36200,10.8,Q1,Normal,Q1_Closing
2023,Mar,Import,India,Asia,Petroleum Products,Refined Petroleum,434.7,47.8,67400,10.2,Q1,Normal,Q1_Closing
2023,Mar,Import,UAE,Middle East,Petroleum Products,Crude Oil,370.6,40.8,92700,9.8,Q1,Normal,Q1_Closing
2023,Apr,Export,Uganda,East Africa,Agricultural Products,Tea,201.7,22.2,24600,12.1,Q2,Normal,Spring_Trade
2023,Apr,Export,Netherlands,Europe,Agricultural Products,Cut Flowers,196.7,21.6,20500,12.3,Q2,Normal,Spring_Trade
2023,Apr,Export,Tanzania,East Africa,Manufactured Goods,Cement,85.5,9.4,38000,11.9,Q2,Normal,Spring_Trade
2023,Apr,Import,China,Asia,Manufactured Goods,Machinery,521.1,57.3,36600,9.4,Q2,Normal,Spring_Trade
2023,Apr,Import,India,Asia,Petroleum Products,Refined Petroleum,437.9,48.2,68000,8.9,Q2,Normal,Spring_Trade
2023,Apr,Import,UAE,Middle East,Petroleum Products,Crude Oil,373.3,41.1,93500,8.4,Q2,Normal,Spring_Trade
2023,May,Export,Uganda,East Africa,Agricultural Products,Tea,204,22.4,24900,10.8,Q2,Normal,Mid_Year_Pace
2023,May,Export,Netherlands,Europe,Agricultural Products,Cut Flowers,198.9,21.9,20800,10.1,Q2,Normal,Mid_Year_Pace
2023,May,Export,United Kingdom,Europe,Agricultural Products,Coffee,94.6,10.4,12900,10.3,Q2,Normal,Mid_Year_Pace
2023,May,Import,China,Asia,Manufactured Goods,Machinery,525.2,57.8,37000,8.1,Q2,Normal,Mid_Year_Pace
2023,May,Import,India,Asia,Petroleum Products,Refined Petroleum,441,48.5,68600,7.6,Q2,Normal,Mid_Year_Pace
2023,May,Import,UAE,Middle East,Petroleum Products,Crude Oil,375.9,41.4,94300,7.2,Q2,Normal,Mid_Year_Pace
2023,June,Export,Uganda,East Africa,Agricultural Products,Tea,206.3,22.7,25200,9.6,Q2,Normal,Summer_Prep
2023,June,Export,Netherlands,Europe,Agricultural Products,Cut Flowers,201,22.1,21100,9.1,Q2,Normal,Summer_Prep
2023,June,Export,Tanzania,East Africa,Manufactured Goods,Cement,87.7,9.6,39600,8.9,Q2,Normal,Summer_Prep
2023,June,Import,China,Asia,Manufactured Goods,Machinery,529.4,58.2,37400,6.9,Q2,Normal,Summer_Prep
2023,June,Import,India,Asia,Petroleum Products,Refined Petroleum,444.2,48.9,69200,6.4,Q2,Normal,Summer_Prep
2023,June,Import,UAE,Middle East,Petroleum Products,Crude Oil,378.6,41.6,95100,6.1,Q2,Normal,Summer_Prep
2023,July,Export,Uganda,East Africa,Agricultural Products,Tea,208.6,23,25500,8.4,Q3,Normal,Summer_Trading
2023,July,Export,Netherlands,Europe,Agricultural Products,Cut Flowers,203.2,22.4,21400,8.1,Q3,Normal,Summer_Trading
2023,July,Export,United Kingdom,Europe,Agricultural Products,Coffee,96.9,10.7,13200,8.7,Q3,Normal,Summer_Trading
2023,July,Import,China,Asia,Manufactured Goods,Machinery,533.5,58.7,37800,5.7,Q3,Normal,Summer_Trading
2023,July,Import,India,Asia,Petroleum Products,Refined Petroleum,447.3,49.2,69800,5.3,Q3,Normal,Summer_Trading
2023,July,Import,UAE,Middle East,Petroleum Products,Crude Oil,381.2,41.9,95900,4.9,Q3,Normal,Summer_Trading
2023,Aug,Export,Uganda,East Africa,Agricultural Products,Tea,210.9,23.2,25800,7.3,Q3,Normal,Peak_Season
2023,Aug,Export,Netherlands,Europe,Agricultural Products,Cut Flowers,205.3,22.6,21700,7.4,Q3,Normal,Peak_Season
2023,Aug,Export,Tanzania,East Africa,Manufactured Goods,Cement,89.9,9.9,40200,7.1,Q3,Normal,Peak_Season
2023,Aug,Import,China,Asia,Manufactured Goods,Machinery,537.7,59.1,38200,4.6,Q3,Normal,Peak_Season
2023,Aug,Import,India,Asia,Petroleum Products,Refined Petroleum,450.5,49.6,70400,4.2,Q3,Normal,Peak_Season
2023,Aug,Import,UAE,Middle East,Petroleum Products,Crude Oil,383.9,42.2,96700,3.8,Q3,Normal,Peak_Season
2023,Sept,Export,Uganda,East Africa,Agricultural Products,Tea,213.2,23.5,26100,6.2,Q3,Normal,Q3_Closing
2023,Sept,Export,Netherlands,Europe,Agricultural Products,Cut Flowers,207.5,22.8,22000,6.3,Q3,Normal,Q3_Closing
2023,Sept,Export,United Kingdom,Europe,Agricultural Products,Coffee,99.2,10.9,13500,7.4,Q3,Normal,Q3_Closing
2023,Sept,Import,China,Asia,Manufactured Goods,Machinery,541.8,59.6,38600,3.5,Q3,Normal,Q3_Closing
2023,Sept,Import,India,Asia,Petroleum Products,Refined Petroleum,453.6,49.9,71000,3.1,Q3,Normal,Q3_Closing
2023,Sept,Import,UAE,Middle East,Petroleum Products,Crude Oil,386.5,42.5,97500,2.7,Q3,Normal,Q3_Closing
2023,Oct,Export,Uganda,East Africa,Agricultural Products,Tea,215.5,23.7,26400,5.1,Q4,Normal,Q4_Start
2023,Oct,Export,Netherlands,Europe,Agricultural Products,Cut Flowers,209.6,23.1,22300,5.2,Q4,Normal,Q4_Start
2023,Oct,Export,Tanzania,East Africa,Manufactured Goods,Cement,92.1,10.1,40800,5,Q4,Normal,Q4_Start
2023,Oct,Import,China,Asia,Manufactured Goods,Machinery,546,60.1,39000,2.4,Q4,Normal,Q4_Start
2023,Oct,Import,India,Asia,Petroleum Products,Refined Petroleum,456.8,50.2,71600,2,Q4,Normal,Q4_Start
2023,Oct,Import,UAE,Middle East,Petroleum Products,Crude Oil,389.2,42.8,98300,1.6,Q4,Normal,Q4_Start
2023,Nov,Export,Uganda,East Africa,Agricultural Products,Tea,217.8,24,26700,4.1,Q4,Normal,Holiday_Prep
2023,Nov,Export,Netherlands,Europe,Agricultural Products,Cut Flowers,211.8,23.3,22600,4.3,Q4,Normal,Holiday_Prep
2023,Nov,Export,United Kingdom,Europe,Agricultural Products,Coffee,101.5,11.2,13800,6.8,Q4,Normal,Holiday_Prep
2023,Nov,Import,China,Asia,Manufactured Goods,Machinery,550.1,60.5,39400,1.4,Q4,Normal,Holiday_Prep
2023,Nov,Import,India,Asia,Petroleum Products,Refined Petroleum,459.9,50.6,72200,1,Q4,Normal,Holiday_Prep
2023,Nov,Import,UAE,Middle East,Petroleum Products,Crude Oil,391.8,43.1,99100,0.6,Q4,Normal,Holiday_Prep
2023,Dec,Export,Uganda,East Africa,Agricultural Products,Tea,220.1,24.2,27000,3.1,Q4,Normal,Year_End
2023,Dec,Export,Netherlands,Europe,Agricultural Products,Cut Flowers,213.9,23.5,22900,3.4,Q4,Normal,Year_End
2023,Dec,Export,Tanzania,East Africa,Manufactured Goods,Cement,94.3,10.4,41400,3.2,Q4,Normal,Year_End
2023,Dec,Import,China,Asia,Manufactured Goods,Machinery,554.3,61,39800,0.3,Q4,Normal,Year_End
2023,Dec,Import,India,Asia,Petroleum Products,Refined Petroleum,463.1,50.9,72800,-0.1,Q4,Normal,Year_End
2023,Dec,Import,UAE,Middle East,Petroleum Products,Crude Oil,394.5,43.4,99900,-0.4,Q4,Normal,Year_End
2024,Jan,Export,Uganda,East Africa,Agricultural Products,Tea,222.3,24.5,27300,2.1,Q1,Normal,Recovery_Start
2024,Jan,Export,Netherlands,Europe,Agricultural Products,Cut Flowers,216.1,23.8,23200,2.3,Q1,Normal,Recovery_Start
2024,Jan,Export,United Kingdom,Europe,Agricultural Products,Coffee,103.8,11.4,14100,3.7,Q1,Normal,Recovery_Start
2024,Jan,Import,China,Asia,Manufactured Goods,Machinery,557.4,61.3,40100,-0.8,Q1,Normal,Recovery_Start
2024,Jan,Import,India,Asia,Petroleum Products,Refined Petroleum,465.2,51.2,73200,-1.2,Q1,Normal,Recovery_Start
2024,Jan,Import,UAE,Middle East,Petroleum Products,Crude Oil,396.1,43.6,100400,-1.6,Q1,Normal,Recovery_Start
2024,Feb,Export,Uganda,East Africa,Agricultural Products,Tea,224.6,24.7,27600,1.2,Q1,Normal,Gradual_Recovery
2024,Feb,Export,Netherlands,Europe,Agricultural Products,Cut Flowers,218.2,24,23500,1.4,Q1,Normal,Gradual_Recovery
2024,Feb,Export,Tanzania,East Africa,Manufactured Goods,Cement,95.8,10.5,41800,1.1,Q1,Normal,Gradual_Recovery
2024,Feb,Import,China,Asia,Manufactured Goods,Machinery,560.5,61.7,40400,-1.7,Q1,Normal,Gradual_Recovery
2024,Feb,Import,India,Asia,Petroleum Products,Refined Petroleum,467.4,51.4,73600,-2.1,Q1,Normal,Gradual_Recovery
2024,Feb,Import,UAE,Middle East,Petroleum Products,Crude Oil,397.8,43.8,101000,-2.5,Q1,Normal,Gradual_Recovery
2024,Mar,Export,Uganda,East Africa,Agricultural Products,Tea,226.8,25,27900,0.3,Q1,Normal,Market_Adjustment
2024,Mar,Export,Netherlands,Europe,Agricultural Products,Cut Flowers,220.4,24.2,23800,0.5,Q1,Normal,Market_Adjustment
2024,Mar,Export,United Kingdom,Europe,Agricultural Products,Coffee,106.1,11.7,14400,2.8,Q1,Normal,Market_Adjustment
2024,Mar,Import,China,Asia,Manufactured Goods,Machinery,563.7,62,40700,-2.6,Q1,Normal,Market_Adjustment
2024,Mar,Import,India,Asia,Petroleum Products,Refined Petroleum,469.5,51.6,74000,-3,Q1,Normal,Market_Adjustment
2024,Mar,Import,UAE,Middle East,Petroleum Products,Crude Oil,399.4,43.9,101600,-3.4,Q1,Normal,Market_Adjustment
2024,Apr,Export,Uganda,East Africa,Agricultural Products,Tea,229.1,25.2,28200,-0.6,Q2,Normal,Spring_Stabilization
2024,Apr,Export,Netherlands,Europe,Agricultural Products,Cut Flowers,222.5,24.5,24100,-0.4,Q2,Normal,Spring_Stabilization
2024,Apr,Export,Tanzania,East Africa,Manufactured Goods,Cement,97.3,10.7,42200,-0.7,Q2,Normal,Spring_Stabilization
2024,Apr,Import,China,Asia,Manufactured Goods,Machinery,566.8,62.4,41000,-3.5,Q2,Normal,Spring_Stabilization
2024,Apr,Import,India,Asia,Petroleum Products,Refined Petroleum,471.7,51.9,74400,-3.9,Q2,Normal,Spring_Stabilization
2024,Apr,Import,UAE,Middle East,Petroleum Products,Crude Oil,401.1,44.1,102200,-4.3,Q2,Normal,Spring_Stabilization
2024,May,Export,Uganda,East Africa,Agricultural Products,Tea,231.3,25.4,28500,-1.4,Q2,Normal,Mid_Year_Correction
2024,May,Export,Netherlands,Europe,Agricultural Products,Cut Flowers,224.7,24.7,24400,-1.2,Q2,Normal,Mid_Year_Correction
2024,May,Export,United Kingdom,Europe,Agricultural Products,Coffee,108.4,11.9,14700,1.9,Q2,Normal,Mid_Year_Correction
2024,May,Import,China,Asia,Manufactured Goods,Machinery,570,62.7,41300,-4.4,Q2,Normal,Mid_Year_Correction
2024,May,Import,India,Asia,Petroleum Products,Refined Petroleum,473.8,52.1,74800,-4.8,Q2,Normal,Mid_Year_Correction
2024,May,Import,UAE,Middle East,Petroleum Products,Crude Oil,402.7,44.3,102800,-5.2,Q2,Normal,Mid_Year_Correction
2024,June,Export,Uganda,East Africa,Agricultural Products,Tea,233.6,25.7,28800,-2.3,Q2,Normal,Summer_Outlook
2024,June,Export,Netherlands,Europe,Agricultural Products,Cut Flowers,226.8,25,24700,-2.1,Q2,Normal,Summer_Outlook
2024,June,Export,Tanzania,East Africa,Manufactured Goods,Cement,98.8,10.9,42600,-2.4,Q2,Normal,Summer_Outlook
2024,June,Import,China,Asia,Manufactured Goods,Machinery,573.1,63,41600,-5.3,Q2,Normal,Summer_Outlook
2024,June,Import,India,Asia,Petroleum Products,Refined Petroleum,476,52.4,75200,-5.7,Q2,Normal,Summer_Outlook
2024,June,Import,UAE,Middle East,Petroleum Products,Crude Oil,404.4,44.5,103400,-6.1,Q2,Normal,Summer_Outlook
2024,July,Export,Uganda,East Africa,Agricultural Products,Tea,235.8,26,29100,-3.1,Q3,Normal,Mid_Year_Review
2024,July,Export,Netherlands,Europe,Agricultural Products,Cut Flowers,229,25.2,25000,-2.9,Q3,Normal,Mid_Year_Review
2024,July,Export,United Kingdom,Europe,Agricultural Products,Coffee,110.7,12.2,15000,1,Q3,Normal,Mid_Year_Review
2024,July,Import,China,Asia,Manufactured Goods,Machinery,576.3,63.4,41900,-6.2,Q3,Normal,Mid_Year_Review
2024,July,Import,India,Asia,Petroleum Products,Refined Petroleum,478.1,52.6,75600,-6.6,Q3,Normal,Mid_Year_Review
2024,July,Import,UAE,Middle East,Petroleum Products,Crude Oil,406,44.7,104000,-7,Q3,Normal,Mid_Year_Review
2024,Aug,Export,Uganda,East Africa,Agricultural Products,Tea,238.1,26.2,29400,-3.9,Q3,Normal,Seasonal_Peak
2024,Aug,Export,Netherlands,Europe,Agricultural Products,Cut Flowers,231.1,25.4,25300,-3.7,Q3,Normal,Seasonal_Peak
2024,Aug,Export,Tanzania,East Africa,Manufactured Goods,Cement,100.3,11,43000,-4,Q3,Normal,Seasonal_Peak
2024,Aug,Import,China,Asia,Manufactured Goods,Machinery,579.4,63.7,42200,-7.1,Q3,Normal,Seasonal_Peak
2024,Aug,Import,India,Asia,Petroleum Products,Refined Petroleum,480.3,52.8,76000,-7.5,Q3,Normal,Seasonal_Peak
2024,Aug,Import,UAE,Middle East,Petroleum Products,Crude Oil,407.7,44.8,104600,-7.9,Q3,Normal,Seasonal_Peak
2024,Sept,Export,Uganda,East Africa,Agricultural Products,Tea,240.3,26.4,29700,-4.8,Q3,Normal,Q3_Closing
2024,Sept,Export,Netherlands,Europe,Agricultural Products,Cut Flowers,233.3,25.7,25600,-4.6,Q3,Normal,Q3_Closing
2024,Sept,Export,United Kingdom,Europe,Agricultural Products,Coffee,113,12.4,15300,0.1,Q3,Normal,Q3_Closing
2024,Sept,Import,China,Asia,Manufactured Goods,Machinery,582.6,64.1,42500,-8,Q3,Normal,Q3_Closing
2024,Sept,Import,India,Asia,Petroleum Products,Refined Petroleum,482.4,53.1,76400,-8.4,Q3,Normal,Q3_Closing
2024,Sept,Import,UAE,Middle East,Petroleum Products,Crude Oil,409.3,45,105200,-8.8,Q3,Normal,Q3_Closing
2024,Oct,Export,Uganda,East Africa,Agricultural Products,Tea,242.6,26.7,30000,-5.6,Q4,Normal,Q4_Preparation
2024,Oct,Export,Netherlands,Europe,Agricultural Products,Cut Flowers,235.4,25.9,25900,-5.4,Q4,Normal,Q4_Preparation
2024,Oct,Export,Tanzania,East Africa,Manufactured Goods,Cement,101.8,11.2,43400,-5.7,Q4,Normal,Q4_Preparation
2024,Oct,Import,China,Asia,Manufactured Goods,Machinery,585.7,64.4,42800,-8.9,Q4,Normal,Q4_Preparation
2024,Oct,Import,India,Asia,Petroleum Products,Refined Petroleum,484.6,53.3,76800,-9.3,Q4,Normal,Q4_Preparation
2024,Oct,Import,UAE,Middle East,Petroleum Products,Crude Oil,411,45.2,105800,-9.7,Q4,Normal,Q4_Preparation
2024,Nov,Export,Uganda,East Africa,Agricultural Products,Tea,244.8,26.9,30300,-6.5,Q4,Normal,Year_End_Trading
2024,Nov,Export,Netherlands,Europe,Agricultural Products,Cut Flowers,237.6,26.1,26200,-6.3,Q4,Normal,Year_End_Trading
2024,Nov,Export,United Kingdom,Europe,Agricultural Products,Coffee,115.3,12.7,15600,-0.8,Q4,Normal,Year_End_Trading
2024,Nov,Import,China,Asia,Manufactured Goods,Machinery,588.9,64.8,43100,-9.8,Q4,Normal,Year_End_Trading
2024,Nov,Import,India,Asia,Petroleum Products,Refined Petroleum,486.7,53.5,77200,-10.2,Q4,Normal,Year_End_Trading
2024,Nov,Import,UAE,Middle East,Petroleum Products,Crude Oil,412.6,45.4,106400,-10.6,Q4,Normal,Year_End_Trading
2024,Dec,Export,Uganda,East Africa,Agricultural Products,Tea,247.1,27.2,30600,-7.3,Q4,Normal,December_Close
2024,Dec,Export,Netherlands,Europe,Agricultural Products,Cut Flowers,239.7,26.4,26500,-7.1,Q4,Normal,December_Close
2024,Dec,Export,Tanzania,East Africa,Manufactured Goods,Cement,103.3,11.4,43800,-7.4,Q4,Normal,December_Close
2024,Dec,Import,China,Asia,Manufactured Goods,Machinery,592,65.1,43400,-10.7,Q4,Normal,December_Close
2024,Dec,Import,India,Asia,Petroleum Products,Refined Petroleum,488.9,53.8,77600,-11.1,Q4,Normal,December_Close
2024,Dec,Import,UAE,Middle East,Petroleum Products,Crude Oil,414.3,45.6,107000,-11.5,Q4,Normal,December_Close
2020,Jan,Export,Pakistan,Asia,Agricultural Products,Rice,12.4,1.4,8900,1.2,Q1,Pre-COVID,Normal
2020,Jan,Export,Egypt,Africa,Agricultural Products,Tea,8.9,1,1200,2.1,Q1,Pre-COVID,Normal
2020,Jan,Export,Germany,Europe,Agricultural Products,Coffee,15.6,1.7,2100,0.8,Q1,Pre-COVID,Normal
2020,Jan,Import,Japan,Asia,Manufactured Goods,Vehicles,78.9,8.7,890,1.5,Q1,Pre-COVID,Normal
2020,Jan,Import,South Korea,Asia,Manufactured Goods,Electronics,45.2,5,1200,2.1,Q1,Pre-COVID,Normal
2020,Jan,Import,Germany,Europe,Manufactured Goods,Machinery,34.7,3.8,890,0.9,Q1,Pre-COVID,Normal
2021,June,Export,Rwanda,East Africa,Manufactured Goods,Cement,25.4,2.8,12000,18.9,Q2,Recovery,Regional_Growth
2021,June,Export,Sudan,Africa,Agricultural Products,Maize,18.7,2.1,15600,22.1,Q2,Recovery,Food_Security
2021,June,Export,Somalia,East Africa,Agricultural Products,Sugar,14.3,1.6,8900,19.4,Q2,Recovery,Regional_Trade
2021,June,Import,Malaysia,Asia,Manufactured Goods,Palm Oil,67.8,7.5,23400,15.6,Q2,Recovery,Commodity_Import
2021,June,Import,Brazil,South America,Agricultural Products,Sugar,29.4,3.2,18700,17.2,Q2,Recovery,Food_Import
2021,June,Import,Thailand,Asia,Manufactured Goods,Rice,22.1,2.4,14500,14.8,Q2,Recovery,Staple_Import
2022,Mar,Export,DRC,Africa,Manufactured Goods,Cement,31.8,3.5,15200,28.4,Q1,Normal,Regional_Expansion
2022,Mar,Export,South Sudan,East Africa,Agricultural Products,Maize,24.6,2.7,19800,31.7,Q1,Normal,Food_Export
2022,Mar,Export,Burundi,East Africa,Manufactured Goods,Steel,16.9,1.9,4500,25.9,Q1,Normal,Industrial_Export
2022,Mar,Import,Turkey,Europe,Manufactured Goods,Textiles,52.3,5.8,6700,23.1,Q1,Normal,Textile_Import
2022,Mar,Import,Indonesia,Asia,Manufactured Goods,Palm Oil,41.7,4.6,18900,26.8,Q1,Normal,Cooking_Oil
2022,Mar,Import,Vietnam,Asia,Manufactured Goods,Electronics,28.4,3.1,2100,22.4,Q1,Normal,Tech_Import
2023,Sept,Export,Ethiopia,East Africa,Manufactured Goods,Cement,38.7,4.3,18600,8.2,Q3,Normal,Regional_Construction
2023,Sept,Export,Djibouti,East Africa,Agricultural Products,Maize,19.8,2.2,16400,6.1,Q3,Normal,Food_Security
2023,Sept,Export,Mozambique,Africa,Manufactured Goods,Steel,21.4,2.4,5600,7.8,Q3,Normal,Infrastructure
2023,Sept,Import,Saudi Arabia,Middle East,Petroleum Products,Refined Petroleum,89.3,9.8,34500,4.2,Q3,Normal,Energy_Import
2023,Sept,Import,Russia,Europe,Agricultural Products,Wheat,45.6,5,28900,5.7,Q3,Normal,Food_Import
2023,Sept,Import,Argentina,South America,Agricultural Products,Soybeans,32.1,3.5,21700,3.9,Q3,Normal,Feed_Import
2024,June,Export,Zambia,Africa,Manufactured Goods,Cement,42.1,4.6,19800,-2.8,Q2,Normal,Regional_Trade
2024,June,Export,Madagascar,Africa,Agricultural Products,Rice,23.7,2.6,18200,-1.9,Q2,Normal,Food_Export
2024,June,Export,Malawi,Africa,Manufactured Goods,Fertilizer,28.9,3.2,14600,-3.1,Q2,Normal,Agricultural_Input
2024,June,Import,Canada,North America,Agricultural Products,Wheat,67.4,7.4,32100,-6.8,Q2,Normal,Grain_Import
2024,June,Import,Australia,Oceania,Agricultural Products,Beef,34.8,3.8,4200,-5.2,Q2,Normal,Meat_Import
2024,June,Import,New Zealand,Oceania,Agricultural Products,Dairy,28.6,3.1,6800,-4.7,Q2,Normal,Dairy_Import
